{
  "beta": [
    0.01,
    0.02375,
    0.0375,
    0.051250000000000004,
    0.065,
    0.07875,
    0.0925,
    0.10625,
    0.12,
    0.13375,
    0.14750000000000002,
    0.16125,
    0.17500000000000002,
    0.18875,
    0.2025,
    0.21625,
    0.23,
    0.24375000000000002,
    0.2575,
    0.27125,
    0.28500000000000003,
    0.29875,
    0.3125,
    0.32625,
    0.34,
    0.35375,
    0.3675,
    0.38125000000000003,
    0.395,
    0.40875,
    0.4225,
    0.43625,
    0.45
  ],
  "bitcoin_adversary_max_height": [
    1300.0,
    1300.0,
    1300.0,
    1300.0,
    1300.0,
    1300.0,
    1300.0,
    1300.0,
    1300.0,
    1300.0,
    1300.0,
    1300.0,
    1300.0,
    1300.0,
    1300.0,
    1300.0,
    1300.0,
    1300.0,
    1300.0,
    1300.0,
    1300.0,
    1300.0,
    1300.0,
    1300.0,
    1300.0,
    1300.0,
    1300.0,
    1300.0,
    1300.0,
    1300.0,
    1300.0,
    1300.0,
    1300.0
  ],
  "bitcoin_adversary_max_work": [
    1300.0,
    1300.0,
    1300.0,
    1300.0,
    1300.0,
    1300.0,
    1300.0,
    1300.0,
    1300.0,
    1300.0,
    1300.0,
    1300.0,
    1300.0,
    1300.0,
    1300.0,
    1300.0,
    1300.0,
    1300.0,
    1300.0,
    1300.0,
    1300.0,
    1300.0,
    1300.0,
    1300.0,
    1300.0,
    1300.0,
    1300.0,
    1300.0,
    1300.0,
    1300.0,
    1300.0,
    1300.0,
    1300.0
  ],
  "bitcoin_latency": [
    1.658156373153857,
    2.2882081921384625,
    2.9548695437239796,
    3.6768724909374297,
    4.251181005902321,
    4.925598059317687,
    5.727538628339905,
    6.642333574102394,
    7.763090214270726,
    9.051787240482058,
    10.443345485335335,
    12.075359087062068,
    14.17054286202329,
    16.558365959162362,
    19.41909402509357,
    23.020413206498432,
    27.155532951189848,
    32.41480450052489,
    38.962791354443226,
    46.99299965256608,
    57.90303480115477,
    72.07349853020628,
    89.92639286726374,
    114.68524811839846,
    150.44563008500722,
    197.1015543346532,
    270.521973171856,
    390.55242916338045,
    555.2479215770601,
    854.7446410462818,
    1477.0653604206652,
    3066.6007222240232,
    5732.461672948548
  ],
  "bitcoin_max_height": [
    260.59331,
    355.14908,
    435.99864,
    393.62491,
    435.99864,
    533.17025,
    588.1353,
    588.1353,
    647.19209,
    647.19209,
    647.19209,
    710.07515,
    776.35692,
    776.35692,
    776.35692,
    845.44613,
    845.44613,
    845.44613,
    916.52176,
    916.52176,
    916.52176,
    988.77631,
    988.77631,
    988.77631,
    1061.6268,
    1061.6268,
    1061.6268,
    1135.7737,
    1135.7737,
    1135.7737,
    1135.7737,
    1135.7737,
    1238.12249
  ],
  "bitcoin_max_work": [
    260.59331,
    355.14908,
    435.99864,
    393.62491,
    435.99864,
    533.17025,
    588.1353,
    588.1353,
    647.19209,
    647.19209,
    647.19209,
    710.07515,
    776.35692,
    776.35692,
    776.35692,
    845.44613,
    845.44613,
    845.44613,
    916.52176,
    916.52176,
    916.52176,
    988.77631,
    988.77631,
    988.77631,
    1061.6268,
    1061.6268,
    1061.6268,
    1135.7737,
    1135.7737,
    1135.7737,
    1135.7737,
    1135.7737,
    1238.12249
  ],
  "bitcoin_optimal_g": [
    3.9971750183266956,
    2.6651250152821127,
    1.9843927074707766,
    2.306245884209548,
    1.9843927074707766,
    1.4399190238419437,
    1.2118478969180633,
    1.2118478969180633,
    1.009877005331055,
    1.009877005331055,
    1.009877005331055,
    0.8316966046143164,
    0.675136591545981,
    0.675136591545981,
    0.675136591545981,
    0.5381446901707813,
    0.5381446901707813,
    0.5381446901707813,
    0.41875056926772364,
    0.41875056926772364,
    0.41875056926772364,
    0.3149914846048046,
    0.3149914846048046,
    0.3149914846048046,
    0.2247083671485171,
    0.2247083671485171,
    0.2247083671485171,
    0.14469805963932683,
    0.14469805963932683,
    0.14469805963932683,
    0.14469805963932683,
    0.14469805963932683,
    0.05
  ],
  "bitcoin_optimal_k": [
    1.3306,
    1.6678,
    1.9683,
    2.57005,
    2.8318,
    2.91105,
    3.1424,
    3.6443,
    3.90565,
    4.554,
    5.2541,
    5.48935,
    5.7173,
    6.6807,
    7.8349,
    8.0622,
    9.5104,
    11.3523,
    11.51095,
    13.88335,
    17.10655,
    17.2801,
    21.56045,
    27.49655,
    27.6285,
    36.1966,
    49.67985,
    49.4124,
    70.24955,
    108.14165,
    186.8772,
    387.9840201005025,
    273.21265316329084
  ],
  "bitcoin_throughput": [
    0.8024574892590882,
    0.7288672445671758,
    0.6661207782186485,
    0.698977189536632,
    0.6661207782186506,
    0.5910043744826491,
    0.5486475437199814,
    0.5486475437199748,
    0.5031050641174214,
    0.5031050641174233,
    0.5031050641174197,
    0.45459103621038216,
    0.40346372440834466,
    0.4034637244083447,
    0.4034637244083403,
    0.350219604126138,
    0.35021960412613784,
    0.35021960412613856,
    0.2954344285881694,
    0.2954344285881715,
    0.2954344285881686,
    0.2397566422109764,
    0.23975664221097356,
    0.23975664221097714,
    0.18364441681947755,
    0.18364441681947777,
    0.1836444168194781,
    0.12651924891582028,
    0.12651924891582042,
    0.12651924891582264,
    0.12651924891582167,
    0.12651924891582259,
    0.04766061576173805
  ],
  "error": 0.1,
  "g": [
    0.05,
    0.14469805963932683,
    0.2247083671485171,
    0.3149914846048046,
    0.41875056926772364,
    0.5381446901707813,
    0.675136591545981,
    0.8316966046143164,
    1.009877005331055,
    1.2118478969180633,
    1.4399190238419437,
    1.6965557828897102,
    1.9843927074707766,
    2.306245884209548,
    2.6651250152821127,
    3.0642455047543447,
    3.5070407852408523,
    3.9971750183266956,
    4.538556257775517,
    5.135350139871796,
    5.791994151180123,
    6.513212515877105,
    7.304031740127107,
    8.169796848350748,
    9.116188344886494,
    10.149239934006653,
    11.275357031240118,
    12.501336099303344,
    13.834384842539649,
    15.282143294545333,
    16.852705834575744,
    18.55464416934365,
    20.397031317928402,
    22.38946663869332,
    24.542101938351987,
    26.865668704626103,
    29.371506505294658,
    32.0715925978432,
    34.97857279538364,
    38.10579363602488,
    41.46733590443873,
    45.07804955597615,
    48.9535900953551,
    53.11045646365583,
    57.56603048913035,
    62.338617959156096,
    67.44749137254266,
    72.91293443333669,
    78.75628834926398,
    85.0
  ],
  "gamma": [
    0.0,
    0.01886953598279902,
    0.03270965512041234,
    0.04988864360883686,
    0.07121187764122937,
    0.09743486164894938,
    0.12936421944110602,
    0.16788663367872222,
    0.21398430761926338,
    0.26874701751077174,
    0.33338340831380997,
    0.4092324382245679,
    0.49777535222590774,
    0.6006483798399529,
    0.7196562798146713,
    0.8567868244017831,
    1.014226303437885,
    1.1943761239790927,
    1.3998705806812648,
    1.6335958736183234,
    1.898710452909981,
    2.198666772948474,
    2.5372345429455385,
    2.9185255648470867,
    3.347020254321326,
    3.8275959454844815,
    4.365557085272494,
    4.966667428892309,
    5.637184353594693,
    6.38389541410713,
    7.214157269458484,
    8.135937117626863,
    9.157856781459106,
    10.289239596657506,
    11.54016026031951,
    12.921497806562831,
    14.444991884187013,
    16.123302520127794,
    17.970073561668443,
    20.0
  ],
  "monte_carlo": 100000,
  "poem_adversary_max_height": [
    1300.0,
    1300.0,
    1300.0,
    1300.0,
    1300.0,
    1300.0,
    1300.0,
    1300.0,
    1300.0,
    1300.0,
    1300.0,
    1300.0,
    1300.0,
    1300.0,
    1300.0,
    1300.0,
    1300.0,
    1300.0,
    1300.0,
    1300.0,
    1300.0,
    1300.0,
    1300.0,
    1300.0,
    1300.0,
    1300.0,
    1300.0,
    1300.0,
    1300.0,
    1300.0,
    1300.0,
    1300.0,
    1300.0
  ],