{
  "beta": [
    0.1
  ],
  "bitcoin_latency": [
    6.542679710818966
  ],
  "error": 0.1,
  "g": [
    1.7
  ],
  "gamma": [
    0.0,
    0.04468451107401008,
    0.1107010062665786,
    0.22206198941894056,
    0.3993411059846659,
    0.6697131231916368,
    1.0687910762804496,
    1.642760578886529,
    2.4509425576866146,
    3.568872414535846,
    5.091988617075963,
    7.140036119958225,
    9.862305428939534,
    13.44384594306627,
    18.112812509181136,
    24.149127130251433,
    31.894663785811225,
    41.7651936967431,
    54.264361487497965,
    70.0
  ],
  "monte_carlo": 100000,
  "poem_latency": [
    5.460676179656095,
    5.4073909682272365,
    5.340665789646767,
    5.233668163430698,
    5.086032392144369,
    4.90540850248384,
    4.732092436487713,
    4.5817368875055235,
    4.491968281623861,
    4.449277352431444,
    4.471784070870243,
    4.523790237304894,
    4.574990667527411,
    4.615296488398283,
    4.635252287653121,
    4.6477739906115785,
    4.656210197238931,
    4.662575598752221,
    4.66743513152239,
    4.671156018108797
  ]
}