{
  "beta": [
    0.3
  ],
  "bitcoin_latency": [
    73.5206372670774
  ],
  "error": 0.1,
  "g": [
    0.4
  ],
  "gamma": [
    0.0,
    0.02570544320741944,
    0.05064700388130056,
    0.08522235880811482,
    0.13215396209797328,
    0.19450802568604353,
    0.27586217663133933,
    0.3804038871091764,
    0.513023800430495,
    0.6794152334689829,
    0.8861834533813084,
    1.1409666479466607,
    1.4525700881638135,
    1.831114906105394,
    2.2882029517000526,
    2.8370992807138578,
    3.4929339396385117,
    4.27292484306278,
    5.19662368232057,
    6.286186959804688,
    7.566674411256513,
    9.066377258971285,
    10.817178932810107,
    12.854951103937294,
    15.219988099156046,
    17.957483002529116,
    21.118049006644043,
    24.758289849486292,
    28.941423465554205,
    33.73796329279684,
    39.22646201145797,
    45.494322848323456,
    52.63868396162966,
    60.767381829515806,
    70.0
  ],
  "monte_carlo": 100000,
  "poem_latency": [
    78.70863714061703,
    78.05703241904807,
    77.47607085613869,
    76.64438727004104,
    75.70543643472583,
    74.4586876524267,
    72.99791966498405,
    71.38366697513041,
    69.73272671449483,
    68.11124888570289,
    66.58007737853261,
    64.90930438567017,
    63.64614526193071,
    62.724976358631494,
    62.04757458938412,
    61.61444694239857,
    61.50386971853793,
    61.55706519798339,
    61.78538995306216,
    62.05448175032968,
    62.3850290419175,
    62.83239184602608,
    63.2084970660216,
    63.58754644045145,
    63.91932520606365,
    64.22351134238929,
    64.51830537919244,
    64.73558351212327,
    64.8602109886076,
    64.93619123600907,
    64.97659473699493,
    65.00167783163955,
    65.01220112469265,
    65.02185359379226,
    65.0266983558562
  ]
}