{
  "adversary_max_height": [
    1300.0,
    1300.0,
    1300.0,
    1300.0,
    1300.0,
    1300.0,
    1300.0,
    1300.0,
    1300.0,
    1300.0,
    1300.0,
    1300.0,
    1300.0,
    1300.0,
    1300.0,
    1300.0,
    1300.0,
    1300.0,
    1300.0,
    1300.0,
    1300.0,
    1300.0,
    1300.0,
    1300.0,
    1300.0,
    1300.0,
    1300.0,
    1300.0,
    1300.0,
    1300.0,
    1300.0,
    1300.0,
    1300.0,
    1300.0,
    1300.0,
    1300.0,
    1300.0,
    1300.0,
    1300.0,
    1300.0,
    1300.0,
    1300.0,
    1300.0,
    1300.0,
    1300.0,
    1300.0,
    1300.0,
    1300.0,
    1300.0,
    1300.0
  ],
  "adversary_max_work": [
    1875.334036949975,
    1875.3340369499724,
    1875.3340369499913,
    1875.3340369499595,
    1875.334036949996,
    1875.3340369499738,
    1875.3340369499972,
    1875.334036949974,
    1875.3340369499924,
    1875.3340369499758,
    1875.3340369499622,
    1875.3340369499797,
    1875.3340369499924,
    1875.3340369499924,
    1875.3340369499729,
    1875.3340369499676,
    1875.3340369499672,
    1875.3340369499504,
    1875.3340369499665,
    1875.3340369499626,
    1875.3340369499772,
    1875.3340369499845,
    1875.334036949966,
    1875.3340369499663,
    1875.3340369499767,
    1875.3340369499815,
    1875.3340369499613,
    1875.334036949959,
    1875.3340369499608,
    1875.3340369499801,
    1875.3340369499786,
    1875.3340369499622,
    1875.3340369499776,
    1875.334036949976,
    1875.3340369499972,
    1875.334036949975,
    1875.3340369499576,
    1875.334036949969,
    1875.3340369499763,
    1875.3340369499704,
    1875.334036949979,
    1875.3340369499836,
    1875.334036949973,
    1875.3340369499733,
    1875.3340369499574,
    1875.3340369499729,
    1875.3340369499833,
    1875.334036949971,
    1875.334036949972,
    1875.3340369499922
  ],
  "beta": [
    0.2
  ],
  "error": 0.1,
  "g": [
    0.1,
    0.22653061224489796,
    0.35306122448979593,
    0.47959183673469385,
    0.6061224489795918,
    0.7326530612244898,
    0.8591836734693877,
    0.9857142857142857,
    1.1122448979591837,
    1.2387755102040818,
    1.3653061224489798,
    1.4918367346938777,
    1.6183673469387756,
    1.7448979591836737,
    1.8714285714285714,
    1.9979591836734696,
    2.1244897959183673,
    2.2510204081632654,
    2.3775510204081636,
    2.5040816326530613,
    2.6306122448979594,
    2.757142857142857,
    2.8836734693877553,
    3.0102040816326534,
    3.136734693877551,
    3.2632653061224492,
    3.3897959183673474,
    3.5163265306122446,
    3.642857142857143,
    3.769387755102041,
    3.895918367346939,
    4.022448979591837,
    4.148979591836734,
    4.275510204081632,
    4.40204081632653,
    4.5285714285714285,
    4.655102040816327,
    4.781632653061224,
    4.908163265306122,
    5.03469387755102,
    5.161224489795918,
    5.2877551020408164,
    5.414285714285714,
    5.540816326530612,
    5.66734693877551,
    5.793877551020408,
    5.920408163265306,
    6.0469387755102035,
    6.173469387755102,
    6.3
  ],
  "gamma": [
    0.0
  ],
  "latency": [
    82.11258379021075,
    40.461789639586236,
    28.876761814917387,
    23.630973285706844,
    20.628932351428183,
    18.834064924588372,
    17.704292733589682,
    16.922533794808515,
    16.411019489408368,
    16.16365173227078,
    16.049331860435494,
    16.080320064793852,
    16.174540539507895,
    16.39938394821692,
    16.706249884889317,
    17.090919073162635,
    17.506172886392662,
    18.04574439268516,
    18.588254555268275,
    19.240455279614327,
    19.98503758336018,
    20.68845092999333,
    21.51522395783731,
    22.41173927339315,
    23.446076017925076,
    24.69201986914396,
    25.897204725185034,
    27.28993555363869,
    28.89337141092523,
    30.51769220606855,
    32.25529061063625,
    34.20283009687303,
    36.477319649350925,
    38.898414498797564,
    41.632210574672605,
    44.61743105060911,
    47.797681006197344,
    51.52398518623785,
    55.849871706547226,
    60.60075513753532,
    65.79761755868049,
    71.4405032836626,
    77.68118256780188,
    84.3633057156157,
    91.7795400874969,
    99.73197375453871,
    108.40404518815019,
    116.91990918011484,
    125.55338958140526,
    134.4676629693382
  ],
  "max_height": [
    1180.57735,
    1054.9883,
    951.40583,
    864.76664,
    791.45292,
    728.79336,
    674.71376,
    627.67031,
    586.34396,
    549.8607,
    517.47509,
    488.49219,
    462.47739,
    439.01788,
    417.73541,
    398.37252,
    380.6579,
    364.41777,
    349.46872,
    335.68123,
    322.92949,
    311.09882,
    300.07403,
    289.78983,
    280.19948,
    271.21678,
    262.76935,
    254.83169,
    247.35334,
    240.30657,
    233.6491,
    227.35596,
    221.38929,
    215.72188,
    210.34539,
    205.22318,
    200.33649,
    195.6891,
    191.25344,
    187.01442,
    182.96365,
    179.09087,
    175.36796,
    171.80761,
    168.38496,
    165.09654,
    161.94641,
    158.89877,
    155.97276,
    153.15134
  ],
  "max_work": [
    1786.843049838838,
    1687.849896972059,
    1600.866120652045,
    1523.6215167359076,
    1454.6258001068813,
    1392.657682015012,
    1336.5590891692623,
    1285.4793540390824,
    1238.7797608649605,
    1195.8822715846145,
    1156.3916677516852,
    1119.8552472486947,
    1085.9113101715645,
    1054.3684930838322,
    1024.8825679773229,
    997.2610472360927,
    971.3134434952442,
    946.963629811462,
    923.9553573448029,
    902.2605628666456,
    881.7495817833451,
    862.2989992449413,
    843.8075660035488,
    826.2391322022185,
    809.5230455254078,
    793.5837790311173,
    778.3814930389102,
    763.8074269805135,
    749.8736951569637,
    736.5443401556025,
    723.7407284064634,
    711.4575215096054,
    699.6409331000817,
    688.2718171142718,
    677.3342241748321,
    666.7988137318347,
    656.6142914777073,
    646.8269033957656,
    637.377747328206,
    628.2298223276885,
    619.3850390755299,
    610.8513061384286,
    602.5712607996544,
    594.5657053987409,
    586.7990391852967,
    579.2424261825752,
    571.9322352089993,
    564.8323043979414,
    557.9379164683384,
    551.2289739076093
  ],
  "monte_carlo": 100000,
  "optimal_g": [
    0.1,
    0.22653061224489796,
    0.35306122448979593,
    0.47959183673469385,
    0.6061224489795918,
    0.7326530612244898,
    0.8591836734693877,
    0.9857142857142857,
    1.1122448979591837,
    1.2387755102040818,
    1.3653061224489798,
    1.4918367346938777,
    1.6183673469387756,
    1.7448979591836737,
    1.8714285714285714,
    1.9979591836734696,
    2.1244897959183673,
    2.2510204081632654,
    2.3775510204081636,
    2.5040816326530613,
    2.6306122448979594,
    2.757142857142857,
    2.8836734693877553,
    3.0102040816326534,
    3.136734693877551,
    3.2632653061224492,
    3.3897959183673474,
    3.5163265306122446,
    3.642857142857143,
    3.769387755102041,
    3.895918367346939,
    4.022448979591837,
    4.148979591836734,
    4.275510204081632,
    4.40204081632653,
    4.5285714285714285,
    4.655102040816327,
    4.781632653061224,
    4.908163265306122,
    5.03469387755102,
    5.161224489795918,
    5.2877551020408164,
    5.414285714285714,
    5.540816326530612,
    5.66734693877551,
    5.793877551020408,
    5.920408163265306,
    6.0469387755102035,
    6.173469387755102,
    6.3
  ],
  "optimal_gamma": [
    0.0,
    0.0,
    0.0,
    0.0,
    0.0,
    0.0,
    0.0,
    0.0,
    0.0,
    0.0,
    0.0,
    0.0,
    0.0,
    0.0,
    0.0,
    0.0,
    0.0,
    0.0,
    0.0,
    0.0,
    0.0,
    0.0,
    0.0,
    0.0,
    0.0,
    0.0,
    0.0,
    0.0,
    0.0,
    0.0,
    0.0,
    0.0,
    0.0,
    0.0,
    0.0,
    0.0,
    0.0,
    0.0,
    0.0,
    0.0,
    0.0,
    0.0,
    0.0,
    0.0,
    0.0,
    0.0,
    0.0,
    0.0,
    0.0,
    0.0
  ],