{
  "beta": 0.3,
  "error": 0.1,
  "g": 0.7,
  "gamma": [
    0.03,
    0.06,
    0.09,
    0.12,
    0.15,
    0.18,
    0.21,
    0.24,
    0.27,
    0.3,
    0.32999999999999996,
    0.36,
    0.39,
    0.42,
    0.44999999999999996,
    0.48,
    0.51,
    0.54,
    0.57,
    0.6,
    0.63,
    0.6599999999999999,
    0.69,
    0.72,
    0.75,
    0.78,
    0.8099999999999999,
    0.84,
    0.87,
    0.8999999999999999,
    0.9299999999999999,
    0.96,
    0.99,
    1.02,
    1.05,
    1.08,
    1.1099999999999999,
    1.14,
    1.17,
    1.2,
    1.23,
    1.26,
    1.29,
    1.3199999999999998,
    1.3499999999999999,
    1.38,
    1.41,
    1.44,
    1.47,
    1.5,
    1.53,
    1.56,
    1.5899999999999999,
    1.6199999999999999,
    1.65,
    1.68,
    1.71,
    1.74,
    1.77,
    1.7999999999999998,
    1.8299999999999998,
    1.8599999999999999,
    1.89,
    1.92,
    1.95,
    1.98,
    2.01,
    2.04,
    2.07,
    2.1,
    2.13,
    2.16,
    2.19,
    2.2199999999999998,
    2.25,
    2.28,
    2.31,
    2.34,
    2.37,
    2.4,
    2.4299999999999997,
    2.46,
    2.4899999999999998,
    2.52,
    2.55,
    2.58,
    2.61,
    2.6399999999999997,
    2.67,
    2.6999999999999997,
    2.73,
    2.76,
    2.79,
    2.82,
    2.85,
    2.88,
    2.9099999999999997,
    2.94,
    2.9699999999999998,
    3.0
  ],
  "latency": [
    55.47325849415056,
    55.0595398725897,
    53.74875883247292,
    55.744396650330984,
    54.21418626389706,
    54.49264450128409,
    55.59340595307097,
    55.5919505055559,
    55.1772695177246,
    54.67361906001046,
    54.64644461204596,
    54.275610636736566,
    54.86228327385182,
    55.139651727231275,
    54.731150044760014,
    55.41403341127439,
    55.01363301380741,
    54.1949942355426,
    56.74311786307781,
    55.43676172558286,
    54.67509266251696,
    55.506741007397885,
    54.66447169181102,
    54.46372003462609,
    54.84074436779138,
    57.211864722774514,
    54.83589907343871,
    55.68070401697419,
    55.961566617603275,
    55.61025517049665,
    56.70300487138246,
    57.14308129652356,
    55.475255580748616,
    56.743967461500915,
    56.386133722195595,
    56.25573882448198,
    56.69661499701272,
    56.661699826985284,
    54.63166934467366,
    56.34792297360011,
    55.73373704771751,
    57.506489926416435,
    56.83422484972198,
    56.47532517025572,
    55.88043259115708,
    56.58694574454508,
    57.48883505884858,
    58.57610833325646,
    57.21443191728971,
    57.44937614439524,
    57.70278036234157,
    59.49215750454679,
    58.761658405169705,
    59.20800837254038,
    57.070560881596855,
    57.83332337111794,
    57.82895880351862,
    58.66869853376589,
    59.37355794596496,
    58.68500476997874,
    58.79110969072949,
    58.48537686767156,
    59.18098466234509,
    57.59076273212745,
    60.44214812723278,
    61.39029227455115,
    58.636514491579675,
    59.742834137900466,
    59.65015427489853,
    59.34851236651584,
    60.720567793901026,
    59.57059410389459,
    59.44070660466729,
    60.04769885766837,
    59.463241995892474,
    61.37661701516272,
    60.663291024155605,
    61.80431908519598,
    60.730733521926545,
    60.36018255045067,
    58.57568969470811,
    61.56455024075333,
    62.404118450202525,
    60.05445474916398,
    60.18439921468466,
    61.65361723802903,
    62.095793835370536,
    62.89046672181604,
    60.83613945989889,
    62.10261855386642,
    60.56016745268365,
    62.19133379164618,
    60.860874152450826,
    62.39942861622448,
    62.87009993989399,
    60.4794618733632,
    60.43916149483576,
    61.83889007265523,
    62.278463170363814,
    61.86763457400153
  ],
  "monte_carlo": 10000
}