{
  "beta": 0.4,
  "error": 0.1,
  "g": 0.5,
  "gamma": [
    0.02,
    0.04,
    0.06,
    0.08,
    0.1,
    0.12,
    0.14,
    0.16,
    0.18,
    0.2,
    0.22,
    0.24,
    0.26,
    0.28,
    0.3,
    0.32,
    0.34,
    0.36,
    0.38,
    0.4,
    0.42,
    0.44,
    0.46,
    0.48,
    0.5,
    0.52,
    0.54,
    0.56,
    0.58,
    0.6,
    0.62,
    0.64,
    0.66,
    0.68,
    0.7000000000000001,
    0.72,
    0.74,
    0.76,
    0.78,
    0.8,
    0.8200000000000001,
    0.84,
    0.86,
    0.88,
    0.9,
    0.92,
    0.9400000000000001,
    0.96,
    0.98,
    1.0,
    1.02,
    1.04,
    1.06,
    1.08,
    1.1,
    1.12,
    1.1400000000000001,
    1.16,
    1.18,
    1.2,
    1.22,
    1.24,
    1.26,
    1.28,
    1.3,
    1.32,
    1.34,
    1.36,
    1.3800000000000001,
    1.4000000000000001,
    1.42,
    1.44,
    1.46,
    1.48,
    1.5,
    1.52,
    1.54,
    1.56,
    1.58,
    1.6,
    1.62,
    1.6400000000000001,
    1.6600000000000001,
    1.68,
    1.7,
    1.72,
    1.74,
    1.76,
    1.78,
    1.8,
    1.82,
    1.84,
    1.86,
    1.8800000000000001,
    1.9000000000000001,
    1.92,
    1.94,
    1.96,
    1.98,
    2.0
  ],
  "latency": [
    630.9185929164104,
    708.4515046435408,
    617.3684241717806,
    624.08704836825,
    685.1954513309466,
    714.0179481252194,
    661.476644883009,
    673.0157684978197,
    691.5115615461478,
    705.9779774838025,
    716.7313482836563,
    703.636246314249,
    743.3048220983757,
    785.2492362293357,
    803.8266034565542,
    748.8469143160435,
    777.1732635510658,
    755.9524747300632,
    792.2971959715012,
    783.1546823695387,
    854.6162540948408,
    825.5351800005986,
    765.65391881413,
    821.4660232002501,
    837.762804915514,
    867.8597645460962,
    876.8366313761994,
    845.9502845042745,
    881.7981471387717,
    921.7177711282143,
    896.2162323258187,
    930.090331291591,
    857.8578552127034,
    919.9711629745694,
    975.0666309115828,
    959.158598969433,
    931.5196251874879,
    963.7221535874957,
    980.148026822443,
    1027.349327456649,
    993.1574234124066,
    964.8493314223646,
    996.2473747059029,
    1003.8034307619296,
    969.1763445351113,
    994.0211495448065,
    1016.3453829509943,
    1035.2907053472986,
    1003.5039214870257,
    1056.2793064098762,
    1027.7773208453177,
    1019.7164625891902,
    1000.9864204303516,
    1006.9784696818022,
    1035.8141119591448,
    1048.0466211445003,
    1070.5396152199255,
    1060.6897902951612,
    1094.6257399662013,
    1074.1047312903436,
    1081.3730618166169,
    1082.5723689831743,
    1082.4195199163887,
    1073.3975007097665,
    1054.1589525399743,
    1093.2242753815085,
    1087.6373298150802,
    1103.2137097099637,
    1111.7723468996164,
    1101.6302163039484,
    1110.360492014861,
    1102.7622306931637,
    1124.0076259975508,
    1103.718159706902,
    1122.786315348177,
    1115.2792355573217,
    1131.9474228732674,
    1130.5982167280115,
    1145.232716407061,
    1155.17397100572,
    null,
    1141.8981189696697,
    1134.0787540522065,
    null,
    1134.4681054648222,
    null,
    null,
    1143.698680097162,
    null,
    null,
    null,
    null,
    null,
    null,
    null,
    null,
    1158.9631486942742,
    null,
    null,
    null
  ],
  "monte_carlo": 1000
}