{
  "beta": 0.125,
  "error": 0.1,
  "g": 1.5,
  "gamma": [
    0.29,
    0.58,
    0.8699999999999999,
    1.16,
    1.45,
    1.7399999999999998,
    2.03,
    2.32,
    2.61,
    2.9,
    3.19,
    3.4799999999999995,
    3.7699999999999996,
    4.06,
    4.35,
    4.64,
    4.93,
    5.22,
    5.51,
    5.8,
    6.09,
    6.38,
    6.67,
    6.959999999999999,
    7.249999999999999,
    7.539999999999999,
    7.829999999999999,
    8.12,
    8.41,
    8.7,
    8.99,
    9.28,
    9.569999999999999,
    9.86,
    10.149999999999999,
    10.44,
    10.729999999999999,
    11.02,
    11.309999999999999,
    11.6,
    11.889999999999999,
    12.18,
    12.469999999999999,
    12.76,
    13.049999999999999,
    13.34,
    13.629999999999999,
    13.919999999999998,
    14.209999999999999,
    14.499999999999998,
    14.79,
    15.079999999999998,
    15.37,
    15.659999999999998,
    15.95,
    16.24,
    16.529999999999998,
    16.82,
    17.11,
    17.4,
    17.689999999999998,
    17.98,
    18.27,
    18.56,
    18.849999999999998,
    19.139999999999997,
    19.43,
    19.72,
    20.009999999999998,
    20.299999999999997,
    20.59,
    20.88,
    21.169999999999998,
    21.459999999999997,
    21.75,
    22.04,
    22.33,
    22.619999999999997,
    22.91,
    23.2,
    23.49,
    23.779999999999998,
    24.069999999999997,
    24.36,
    24.65,
    24.939999999999998,
    25.229999999999997,
    25.52,
    25.81,
    26.099999999999998,
    26.389999999999997,
    26.68,
    26.97,
    27.259999999999998,
    27.549999999999997,
    27.839999999999996,
    28.13,
    28.419999999999998,
    28.709999999999997,
    28.999999999999996
  ],
  "latency": [
    5.8162051761716,
    5.87841532732652,
    5.424843209618415,
    5.16937163746962,
    5.445148296461697,
    4.587101235585147,
    5.066559201543565,
    5.222804034927163,
    4.75415342088677,
    4.924293268210404,
    4.867439147352443,
    5.038195988116822,
    4.6835334894343665,
    4.738000219599772,
    4.797221545952007,
    5.135273162675562,
    4.959206096209347,
    4.709958647566055,
    4.651831316660051,
    4.810351435343036,
    4.891876968473189,
    5.014629541097912,
    5.312338576216265,
    4.984767559098744,
    4.773849354787076,
    5.093079039710156,
    4.898234702117339,
    4.816923162497913,
    4.8251518308782355,
    4.879186690815784,
    4.786988774456221,
    4.8607822922357204,
    5.005034154823477,
    4.913162903054795,
    4.967243251858975,
    5.037760445600417,
    5.080777129705628,
    4.855239983852358,
    5.036837829603122,
    4.90721293417198,
    5.096056353080179,
    5.12892873002396,
    4.966148768582163,
    5.006314892640079,
    4.79989631632827,
    4.906960431355206,
    5.076727053446933,
    4.9900742793426085,
    5.0123702786767,
    4.871702128255233,
    4.909884956102512,
    4.8935143562663095,
    5.004712953182827,
    4.86573924793356,
    5.6124405292715815,
    4.9553907064806015,
    4.975405564290941,
    4.946963132395885,
    4.96654117398213,
    4.965203328748459,
    5.0136583327279345,
    4.901850536142922,
    4.9505365974488935,
    4.894649132828834,
    4.984938874498669,
    4.9218484870787345,
    4.941747221264156,
    4.930414791573254,
    4.854990604191443,
    4.934902469222465,
    5.0935352811731605,
    5.101979159615678,
    4.975371333990725,
    4.953335651936284,
    4.946872605741353,
    4.944883647555651,
    5.111142912271534,
    4.969881426214115,
    5.01939306268446,
    4.920842836933697,
    4.886033953542987,
    4.989838134420916,
    5.042644019991178,
    4.971916236638302,
    5.038138671916841,
    5.094442616950421,
    4.88197477041231,
    4.957594650957964,
    4.9950277237008,
    4.956334528272131,
    4.8718080513573225,
    5.079628225497443,
    5.063365187601506,
    4.906019096937828,
    4.9624041566742045,
    4.9243435008303935,
    5.010225145080599,
    4.961701351081731,
    4.988813482423619,
    5.026562941782611
  ],
  "monte_carlo": 1000
}