{
  "beta": 0.1,
  "error": 0.1,
  "g": 1.5,
  "gamma": [
    0.29,
    0.58,
    0.8699999999999999,
    1.16,
    1.45,
    1.7399999999999998,
    2.03,
    2.32,
    2.61,
    2.9,
    3.19,
    3.4799999999999995,
    3.7699999999999996,
    4.06,
    4.35,
    4.64,
    4.93,
    5.22,
    5.51,
    5.8,
    6.09,
    6.38,
    6.67,
    6.959999999999999,
    7.249999999999999,
    7.539999999999999,
    7.829999999999999,
    8.12,
    8.41,
    8.7,
    8.99,
    9.28,
    9.569999999999999,
    9.86,
    10.149999999999999,
    10.44,
    10.729999999999999,
    11.02,
    11.309999999999999,
    11.6,
    11.889999999999999,
    12.18,
    12.469999999999999,
    12.76,
    13.049999999999999,
    13.34,
    13.629999999999999,
    13.919999999999998,
    14.209999999999999,
    14.499999999999998,
    14.79,
    15.079999999999998,
    15.37,
    15.659999999999998,
    15.95,
    16.24,
    16.529999999999998,
    16.82,
    17.11,
    17.4,
    17.689999999999998,
    17.98,
    18.27,
    18.56,
    18.849999999999998,
    19.139999999999997,
    19.43,
    19.72,
    20.009999999999998,
    20.299999999999997,
    20.59,
    20.88,
    21.169999999999998,
    21.459999999999997,
    21.75,
    22.04,
    22.33,
    22.619999999999997,
    22.91,
    23.2,
    23.49,
    23.779999999999998,
    24.069999999999997,
    24.36,
    24.65,
    24.939999999999998,
    25.229999999999997,
    25.52,
    25.81,
    26.099999999999998,
    26.389999999999997,
    26.68,
    26.97,
    27.259999999999998,
    27.549999999999997,
    27.839999999999996,
    28.13,
    28.419999999999998,
    28.709999999999997,
    28.999999999999996
  ],
  "latency": [
    4.495794365508321,
    4.2880716037041235,
    4.122842896354276,
    4.035042396024349,
    3.9573689914229258,
    3.8872130751576726,
    3.802913691914504,
    3.733716060849485,
    3.8112091609782794,
    3.6976970893044925,
    3.703354610191625,
    3.7540495878058677,
    3.7223997482065143,
    3.755054868469683,
    3.79865316199609,
    3.675520381411814,
    3.710421200634159,
    3.6799036515620918,
    3.639161026538219,
    3.747372623027945,
    3.677073466670628,
    3.6238048562066494,
    3.662032514874187,
    3.594609739547007,
    3.5705223193361797,
    3.5290193625288495,
    3.5484642693937887,
    3.654452409198692,
    3.6604471144742323,
    3.6076793697175877,
    3.620686405920232,
    3.454802469505107,
    3.491813307214021,
    3.5450930310621906,
    3.6119179504101444,
    3.5463842456564065,
    3.532306745474321,
    3.5411389112172036,
    3.510240384653586,
    3.622318360909509,
    3.5928453271047505,
    3.494631534515362,
    3.5295516751314833,
    3.4587970778504986,
    3.5198803760187034,
    3.4311146843343554,
    3.543881485218046,
    3.4467439599513154,
    3.489770342823025,
    3.4909849566437683,
    3.485790677578447,
    3.4360540165537263,
    3.4450734519473607,
    3.5142549369049085,
    3.44812972405904,
    3.5490373198833245,
    3.5178407747309315,
    3.5065698902870217,
    3.4827855579198492,
    3.469058911521175,
    3.4573168226514235,
    3.4694543026142735,
    3.4596967805327963,
    3.4483948432174407,
    3.4512746485650316,
    3.4859373770222923,
    3.456347789969663,
    3.4282429518383197,
    3.424840978870246,
    3.437319745633595,
    3.460282374338387,
    3.482969564488118,
    3.4199584724318437,
    3.453309256576231,
    3.409523539707818,
    3.4526576764060755,
    3.4313538479034,
    3.4063274587582058,
    3.4200628200683183,
    3.423611301362156,
    3.448402280041064,
    3.4457028908552862,
    3.444637253464006,
    3.403026691776009,
    3.4111720123747036,
    3.429208174982086,
    3.405973533668722,
    3.4573343837802053,
    3.3985462926513237,
    3.399222874261589,
    3.4380830061074645,
    3.420999875436754,
    3.403482113206554,
    3.4326500953626162,
    3.420954032957747,
    3.414063893339855,
    3.3986832204537203,
    3.4032672965207835,
    3.427700354921522,
    3.4162502747505457
  ],
  "monte_carlo": 10000
}