{
  "beta": 0.3,
  "error": 0.1,
  "g": 1.5,
  "gamma": [
    0.02,
    0.04,
    0.06,
    0.08,
    0.1,
    0.12,
    0.14,
    0.16,
    0.18,
    0.2,
    0.22,
    0.24,
    0.26,
    0.28,
    0.3,
    0.32,
    0.34,
    0.36,
    0.38,
    0.4,
    0.42,
    0.44,
    0.46,
    0.48,
    0.5,
    0.52,
    0.54,
    0.56,
    0.58,
    0.6,
    0.62,
    0.64,
    0.66,
    0.68,
    0.7000000000000001,
    0.72,
    0.74,
    0.76,
    0.78,
    0.8,
    0.8200000000000001,
    0.84,
    0.86,
    0.88,
    0.9,
    0.92,
    0.9400000000000001,
    0.96,
    0.98,
    1.0,
    2.0,
    3.0
  ],
  "latency": [
    90.25785007541555,
    90.06790457403872,
    89.9376238361046,
    91.22226327301667,
    97.8189820103823,
    95.54612082494538,
    100.02373929640889,
    99.4425431139951,
    104.51232510703944,
    105.39945644074028,
    109.02431873367115,
    110.52436307688696,
    113.0858917032703,
    114.85025824192394,
    116.31081573488795,
    118.2499158835827,
    120.89450626243338,
    123.36882556300546,
    126.38656913212108,
    131.95026965379978,
    128.7670177600026,
    134.63425949179046,
    138.5408396243533,
    142.0377918061988,
    142.1274367864083,
    145.75430067809685,
    149.82572971352548,
    150.78050870096507,
    156.88502541180017,
    160.38799220953072,
    164.17737505725444,
    162.41430288733406,
    166.765982327423,
    169.5085855716378,
    175.80711106286827,
    176.0843766690322,
    182.89716720413702,
    184.88322506535096,
    185.63211136148874,
    193.4167186749053,
    194.24706488773927,
    206.5413832409175,
    206.60554801542708,
    207.9819949826439,
    209.7487100417403,
    219.1891621592985,
    220.30178707690973,
    223.96708183032615,
    226.35542955927156,
    232.94438636721645,
    511.95126806304495,
    null
  ],
  "monte_carlo": 10000
}