{
  "beta": 0.25,
  "error": 0.1,
  "g": 1.5,
  "gamma": [
    0.29,
    0.58,
    0.8699999999999999,
    1.16,
    1.45,
    1.7399999999999998,
    2.03,
    2.32,
    2.61,
    2.9,
    3.19,
    3.4799999999999995,
    3.7699999999999996,
    4.06,
    4.35,
    4.64,
    4.93,
    5.22,
    5.51,
    5.8,
    6.09,
    6.38,
    6.67,
    6.959999999999999,
    7.249999999999999,
    7.539999999999999,
    7.829999999999999,
    8.12,
    8.41,
    8.7,
    8.99,
    9.28,
    9.569999999999999,
    9.86,
    10.149999999999999,
    10.44,
    10.729999999999999,
    11.02,
    11.309999999999999,
    11.6,
    11.889999999999999,
    12.18,
    12.469999999999999,
    12.76,
    13.049999999999999,
    13.34,
    13.629999999999999,
    13.919999999999998,
    14.209999999999999,
    14.499999999999998,
    14.79,
    15.079999999999998,
    15.37,
    15.659999999999998,
    15.95,
    16.24,
    16.529999999999998,
    16.82,
    17.11,
    17.4,
    17.689999999999998,
    17.98,
    18.27,
    18.56,
    18.849999999999998,
    19.139999999999997,
    19.43,
    19.72,
    20.009999999999998,
    20.299999999999997,
    20.59,
    20.88,
    21.169999999999998,
    21.459999999999997,
    21.75,
    22.04,
    22.33,
    22.619999999999997,
    22.91,
    23.2,
    23.49,
    23.779999999999998,
    24.069999999999997,
    24.36,
    24.65,
    24.939999999999998,
    25.229999999999997,
    25.52,
    25.81,
    26.099999999999998,
    26.389999999999997,
    26.68,
    26.97,
    27.259999999999998,
    27.549999999999997,
    27.839999999999996,
    28.13,
    28.419999999999998,
    28.709999999999997,
    28.999999999999996
  ],
  "latency": [
    29.49878204308163,
    36.63756649434083,
    40.3864313483724,
    36.88468042155813,
    43.70754888653317,
    49.416618311137555,
    48.01178986105491,
    50.06834253679452,
    54.56714114101265,
    56.40291779353176,
    63.697523844208504,
    62.23742395154363,
    66.75265174078095,
    68.97905746263424,
    72.48864815733614,
    71.35317583725846,
    76.48888603145615,
    74.32865879768775,
    75.69579410053622,
    86.87014217691983,
    82.29475209664879,
    83.38274081598506,
    85.3182590680345,
    80.13011723108606,
    81.85062843812716,
    86.64515119045599,
    94.77123534572763,
    91.56045153956016,
    101.38170735354392,
    92.55684018268654,
    95.37142149719875,
    87.66142359577151,
    95.99776864001358,
    95.99362103856025,
    103.37151209942287,
    93.06294025543485,
    105.28952595045823,
    103.47410115055226,
    106.81115950859082,
    95.64488386032905,
    99.70978143686371,
    102.19544730362541,
    106.60274951588207,
    104.7266556715173,
    111.46915070596708,
    114.90421193838995,
    110.17107268159705,
    106.16494877807992,
    111.42522103001448,
    109.49384266709696,
    108.95104492214591,
    114.26660645122065,
    113.75517408058978,
    107.81057282508256,
    115.32167299634175,
    116.42081444487822,
    108.09850549761974,
    110.70402158677228,
    111.02347971560035,
    119.79562623308396,
    110.36038425670431,
    111.45220796519936,
    113.87138095750487,
    114.25501585565847,
    119.73501936322651,
    122.32729464764637,
    128.80915265927106,
    113.36090573354605,
    127.70109167408339,
    117.8681304589189,
    123.86865696343708,
    117.11504491410918,
    116.9620494878058,
    128.24793101703395,
    124.86538871162982,
    120.24129690880063,
    126.3020658964729,
    125.66428889083528,
    118.67275917925912,
    116.27516600532056,
    122.84489962082903,
    127.45214527843984,
    121.79692914019594,
    124.24168801159476,
    120.04572450413035,
    133.8686152824256,
    127.48527458457328,
    121.75222382300964,
    126.81817137397947,
    129.78923501611564,
    129.84783116836863,
    121.2819794541525,
    125.69285811779032,
    129.4312440278004,
    127.9102053095342,
    136.45120731585564,
    135.62370607869755,
    131.7463923680779,
    130.4205279602642,
    129.0849033483148
  ],
  "monte_carlo": 1000
}