{
  "beta": 0.2,
  "error": 0.1,
  "g": 1.5,
  "gamma": [
    0.29,
    0.58,
    0.8699999999999999,
    1.16,
    1.45,
    1.7399999999999998,
    2.03,
    2.32,
    2.61,
    2.9,
    3.19,
    3.4799999999999995,
    3.7699999999999996,
    4.06,
    4.35,
    4.64,
    4.93,
    5.22,
    5.51,
    5.8,
    6.09,
    6.38,
    6.67,
    6.959999999999999,
    7.249999999999999,
    7.539999999999999,
    7.829999999999999,
    8.12,
    8.41,
    8.7,
    8.99,
    9.28,
    9.569999999999999,
    9.86,
    10.149999999999999,
    10.44,
    10.729999999999999,
    11.02,
    11.309999999999999,
    11.6,
    11.889999999999999,
    12.18,
    12.469999999999999,
    12.76,
    13.049999999999999,
    13.34,
    13.629999999999999,
    13.919999999999998,
    14.209999999999999,
    14.499999999999998,
    14.79,
    15.079999999999998,
    15.37,
    15.659999999999998,
    15.95,
    16.24,
    16.529999999999998,
    16.82,
    17.11,
    17.4,
    17.689999999999998,
    17.98,
    18.27,
    18.56,
    18.849999999999998,
    19.139999999999997,
    19.43,
    19.72,
    20.009999999999998,
    20.299999999999997,
    20.59,
    20.88,
    21.169999999999998,
    21.459999999999997,
    21.75,
    22.04,
    22.33,
    22.619999999999997,
    22.91,
    23.2,
    23.49,
    23.779999999999998,
    24.069999999999997,
    24.36,
    24.65,
    24.939999999999998,
    25.229999999999997,
    25.52,
    25.81,
    26.099999999999998,
    26.389999999999997,
    26.68,
    26.97,
    27.259999999999998,
    27.549999999999997,
    27.839999999999996,
    28.13,
    28.419999999999998,
    28.709999999999997,
    28.999999999999996
  ],
  "latency": [
    12.961153817427606,
    13.405883526348985,
    12.763784601942579,
    14.303568787725238,
    13.630304017690145,
    13.062969460053415,
    14.475259998072607,
    15.27944576989416,
    15.38399213979891,
    16.5685929440271,
    15.938180025992255,
    16.592894990232487,
    17.86644649272248,
    15.291223780740715,
    17.35366259118437,
    17.398992857212022,
    18.321602568577656,
    19.391127516621687,
    17.26934377574604,
    18.634629391050154,
    18.310754304040877,
    18.21063448051572,
    19.893853255490075,
    19.616711562408415,
    18.642838479632488,
    20.03522717233903,
    20.241871779758185,
    19.013880910486986,
    19.737602871493834,
    19.20264105905207,
    19.40949921310542,
    18.321853749383735,
    18.37370614576013,
    20.776714141779575,
    20.907744749739706,
    20.303423457513073,
    19.46035959619313,
    21.890985630886792,
    19.484672678804763,
    20.225541469757033,
    21.115987364990634,
    20.598499369845065,
    21.147721020664733,
    21.803352040633285,
    21.209727734839376,
    19.20150768682758,
    20.489719092955397,
    20.95823202185729,
    20.449346519624697,
    19.737011063391922,
    22.096574007880506,
    21.781401770934632,
    20.98683527281366,
    21.497002947144587,
    21.502216882879225,
    21.096054320008268,
    20.893467827447406,
    23.28705664650547,
    21.279119027179828,
    21.687218698296267,
    21.175155888723953,
    21.41827530512175,
    22.10184916249595,
    22.547804050410186,
    21.439702599975618,
    21.33656152377965,
    21.344969347292615,
    22.93527041739816,
    21.652337097427026,
    22.181417652658688,
    21.579522876803825,
    22.775592655979462,
    21.71516063686708,
    22.74336010173295,
    21.362489144061993,
    23.097427061991283,
    24.27433031814672,
    22.759961430713837,
    23.34688288142595,
    21.675737331948472,
    21.746706221158448,
    20.960538305043336,
    22.094228254177384,
    23.06652996652222,
    23.233449712717142,
    21.597614804625714,
    22.0761821526781,
    22.67715125914413,
    24.517932320398696,
    23.22243701830978,
    21.906037980494695,
    22.703173405251494,
    23.450680835776502,
    21.714249476607364,
    23.495309948178488,
    23.273288111404092,
    22.991895397071456,
    23.33800661956132,
    21.457220209442976,
    23.3474180084736
  ],
  "monte_carlo": 1000
}