{
  "beta": 0.1,
  "error": 0.1,
  "g": 0.7,
  "gamma": [
    0.29,
    0.58,
    0.8699999999999999,
    1.16,
    1.45,
    1.7399999999999998,
    2.03,
    2.32,
    2.61,
    2.9,
    3.19,
    3.4799999999999995,
    3.7699999999999996,
    4.06,
    4.35,
    4.64,
    4.93,
    5.22,
    5.51,
    5.8,
    6.09,
    6.38,
    6.67,
    6.959999999999999,
    7.249999999999999,
    7.539999999999999,
    7.829999999999999,
    8.12,
    8.41,
    8.7,
    8.99,
    9.28,
    9.569999999999999,
    9.86,
    10.149999999999999,
    10.44,
    10.729999999999999,
    11.02,
    11.309999999999999,
    11.6,
    11.889999999999999,
    12.18,
    12.469999999999999,
    12.76,
    13.049999999999999,
    13.34,
    13.629999999999999,
    13.919999999999998,
    14.209999999999999,
    14.499999999999998,
    14.79,
    15.079999999999998,
    15.37,
    15.659999999999998,
    15.95,
    16.24,
    16.529999999999998,
    16.82,
    17.11,
    17.4,
    17.689999999999998,
    17.98,
    18.27,
    18.56,
    18.849999999999998,
    19.139999999999997,
    19.43,
    19.72,
    20.009999999999998,
    20.299999999999997,
    20.59,
    20.88,
    21.169999999999998,
    21.459999999999997,
    21.75,
    22.04,
    22.33,
    22.619999999999997,
    22.91,
    23.2,
    23.49,
    23.779999999999998,
    24.069999999999997,
    24.36,
    24.65,
    24.939999999999998,
    25.229999999999997,
    25.52,
    25.81,
    26.099999999999998,
    26.389999999999997,
    26.68,
    26.97,
    27.259999999999998,
    27.549999999999997,
    27.839999999999996,
    28.13,
    28.419999999999998,
    28.709999999999997,
    28.999999999999996
  ],
  "latency": [
    6.449788981521786,
    6.126441596506712,
    5.733401608239164,
    5.419393743065553,
    5.269331908239113,
    5.072345412946311,
    4.995953242087851,
    4.897760274031368,
    4.714990879144506,
    4.661134742238637,
    4.599220225315666,
    4.645023182657592,
    4.568481992374134,
    4.5433856345894625,
    4.488039314164393,
    4.427874290073269,
    4.50078044601671,
    4.479450925506098,
    4.418213623947187,
    4.449315299370351,
    4.49839458086227,
    4.498868177581227,
    4.478678333159477,
    4.459288523532235,
    4.4658464005096885,
    4.49506873843893,
    4.499419100115799,
    4.509362586484535,
    4.50651985882979,
    4.544692290739834,
    4.514957377427662,
    4.576507075888651,
    4.549850701048262,
    4.5728207514222365,
    4.577086225212371,
    4.592758201030205,
    4.587242691130144,
    4.607578895952872,
    4.565273333424965,
    4.598742200919044,
    4.6148519919953666,
    4.633098556998208,
    4.624671086473618,
    4.608681436528398,
    4.594521665847583,
    4.631188219916181,
    4.605931967887739,
    4.648435179603514,
    4.638209868962814,
    4.6643709123701065,
    4.665318878055913,
    4.627165611488823,
    4.648974614224522,
    4.641091088412361,
    4.653593245992665,
    4.644793481240384,
    4.680157471158166,
    4.652133898029717,
    4.671445000318521,
    4.658287250633099,
    4.672819027974974,
    4.663330905606802,
    4.671933774966687,
    4.682174466585236,
    4.70242869189701,
    4.668289081966671,
    4.684484957522522,
    4.6979980925474285,
    4.694782037011572,
    4.687458828396114,
    4.67461284450074,
    4.68576995485203,
    4.714689129663388,
    4.679771175109922,
    4.712887908878877,
    4.714974739429068,
    4.703332240390134,
    4.709318172080093,
    4.695235330754476,
    4.711831048744675,
    4.704333899054875,
    4.697681393595056,
    4.714415923532974,
    4.722325624493847,
    4.717440915447498,
    4.712227223511464,
    4.71242903826359,
    4.7201374595228405,
    4.73063227499326,
    4.7255605092114,
    4.722012199111059,
    4.727610024922225,
    4.7447530502022195,
    4.722529512199713,
    4.731115987560114,
    4.731619704669036,
    4.733195805654205,
    4.749041844112471,
    4.732133962131104,
    4.713284713742451
  ],
  "monte_carlo": 10000
}