{
  "beta": 0.15,
  "error": 0.1,
  "g": 1.5,
  "gamma": [
    0.29,
    0.58,
    0.8699999999999999,
    1.16,
    1.45,
    1.7399999999999998,
    2.03,
    2.32,
    2.61,
    2.9,
    3.19,
    3.4799999999999995,
    3.7699999999999996,
    4.06,
    4.35,
    4.64,
    4.93,
    5.22,
    5.51,
    5.8,
    6.09,
    6.38,
    6.67,
    6.959999999999999,
    7.249999999999999,
    7.539999999999999,
    7.829999999999999,
    8.12,
    8.41,
    8.7,
    8.99,
    9.28,
    9.569999999999999,
    9.86,
    10.149999999999999,
    10.44,
    10.729999999999999,
    11.02,
    11.309999999999999,
    11.6,
    11.889999999999999,
    12.18,
    12.469999999999999,
    12.76,
    13.049999999999999,
    13.34,
    13.629999999999999,
    13.919999999999998,
    14.209999999999999,
    14.499999999999998,
    14.79,
    15.079999999999998,
    15.37,
    15.659999999999998,
    15.95,
    16.24,
    16.529999999999998,
    16.82,
    17.11,
    17.4,
    17.689999999999998,
    17.98,
    18.27,
    18.56,
    18.849999999999998,
    19.139999999999997,
    19.43,
    19.72,
    20.009999999999998,
    20.299999999999997,
    20.59,
    20.88,
    21.169999999999998,
    21.459999999999997,
    21.75,
    22.04,
    22.33,
    22.619999999999997,
    22.91,
    23.2,
    23.49,
    23.779999999999998,
    24.069999999999997,
    24.36,
    24.65,
    24.939999999999998,
    25.229999999999997,
    25.52,
    25.81,
    26.099999999999998,
    26.389999999999997,
    26.68,
    26.97,
    27.259999999999998,
    27.549999999999997,
    27.839999999999996,
    28.13,
    28.419999999999998,
    28.709999999999997,
    28.999999999999996
  ],
  "latency": [
    6.354154854740614,
    6.675412008786484,
    6.381402461829517,
    6.464837513690581,
    6.509272239045771,
    6.742594454476979,
    6.115220389800927,
    6.136121721405776,
    6.64707271941942,
    6.375489854386963,
    6.763785005966565,
    6.886580022685609,
    6.678173141341616,
    6.575601213179372,
    6.066738342886535,
    6.665513376189449,
    7.033147137435243,
    7.306053785353865,
    6.546383785679027,
    6.855675952000683,
    6.614317251281757,
    7.398408051061211,
    7.184167249141644,
    7.419344078943599,
    7.156479080425525,
    6.926407690715464,
    6.803345030005609,
    6.9887714395520195,
    6.657602491561388,
    6.8399658291806995,
    7.144289049266009,
    6.910495548586625,
    6.651345561654999,
    6.977972164014768,
    7.024552446352515,
    7.422729449487338,
    7.001433467388934,
    6.971325532033416,
    7.918769981801308,
    6.960948139935532,
    7.3001165498611265,
    7.036676145438157,
    6.81460880048531,
    7.035786169899575,
    7.888041138032543,
    6.8679616245964725,
    6.602192088968675,
    6.558688842364544,
    6.838518240740753,
    7.262433884996175,
    7.022956516616423,
    7.944926527333729,
    6.845705071875902,
    7.008158110950036,
    6.925746034006147,
    6.898410098854836,
    6.744171278854,
    6.850095521953981,
    6.935343805708903,
    6.779591877945397,
    6.8367773442229565,
    7.847651413896037,
    6.747625135044534,
    6.804363989734527,
    7.944880434204714,
    7.017623262754661,
    7.72357244267158,
    6.705010078500944,
    6.721688694776229,
    6.820856962788163,
    6.570740884594647,
    7.886977630536942,
    6.87186863698084,
    8.018469142622031,
    6.924271652169494,
    6.705740554133564,
    6.760386271287738,
    6.69761361029415,
    6.931030686599872,
    6.766634899745967,
    6.959006158630998,
    7.029311492534993,
    7.082094656005068,
    7.056593133490727,
    7.944059262398843,
    6.896705956463764,
    6.835271670560616,
    7.077010674500894,
    6.640306278353429,
    6.866505834412585,
    6.823826766096667,
    7.993703551739706,
    6.892980928262157,
    6.835572731909794,
    6.7460135547409905,
    6.744860235009065,
    6.730714877052402,
    7.252966853832216,
    6.60185946754067,
    7.885633142010617
  ],
  "monte_carlo": 1000
}